{"train/num_tokens":71130,"train/learning_rate":1.026694045174538e-07,"_step":97,"train_runtime":544.3195,"_wandb":{"runtime":586},"train/entropy":0.9479829519987106,"train/loss":0.7102,"train_samples_per_second":1.789,"train/global_step":974,"train/mean_token_accuracy":0.8209993094205856,"_timestamp":1.7654080091209314e+09,"train_steps_per_second":1.789,"train/epoch":1,"train_loss":0.8627195404785125,"train/grad_norm":6.368304252624512,"total_flos":6.0150802028544e+14,"_runtime":586}