{"train/mean_token_accuracy":0.7914493262767792,"train/loss":0.8328,"_runtime":48,"train/entropy":1.1687205195426942,"train/epoch":0.2127659574468085,"train/num_tokens":52319,"_timestamp":1.7655925353626444e+09,"train/learning_rate":1.872340425531915e-05,"train/grad_norm":5.5604119300842285,"_wandb":{"runtime":48},"_step":0,"train/global_step":10}