{"train/grad_norm":6.6338582038879395,"train/num_tokens":102432,"_wandb":{"runtime":56},"train/epoch":0.425531914893617,"_runtime":56,"train/global_step":20,"train/loss":0.8205,"train/learning_rate":1.7304964539007094e-05,"train/mean_token_accuracy":0.7892940461635589,"_step":1,"_timestamp":1.7655921694642007e+09,"train/entropy":1.264787232875824}