{"eval/runtime":29.9965,"train/global_step":0,"eval/mean_token_accuracy":0.7497309230743571,"_wandb":{"runtime":0},"eval/entropy":0.7010071150800015,"eval/samples_per_second":12.535,"eval/num_tokens":0,"eval/loss":1.285742998123169,"_runtime":0,"eval/steps_per_second":1.567,"_timestamp":1.7655913726301446e+09,"eval/model_preparation_time":0.0031,"_step":0}