{"_wandb":{"runtime":67},"_step":0,"train/global_step":5,"_runtime":67,"train/entropy":1.0010419368743897,"train/mean_token_accuracy":0.7839648485183716,"train/num_tokens":693,"_timestamp":1.765412669267264e+09,"train_runtime":25.2532,"train_samples_per_second":0.356,"total_flos":8.050550194176e+12,"train_loss":0.7285871505737305,"train/epoch":1,"train_steps_per_second":0.198}