{"train/global_step":0,"eval/entropy":0.7010071150800015,"eval/steps_per_second":1.562,"_timestamp":1.7655912351466565e+09,"eval/model_preparation_time":0.0031,"eval/num_tokens":0,"eval/mean_token_accuracy":0.7497309230743571,"eval/samples_per_second":12.499,"eval/runtime":30.0831,"eval/loss":1.285742998123169,"_wandb":{"runtime":0},"_runtime":0,"_step":0}